epoch,step,test_loss,train_loss
0,0,,13.324952125549316
1,1,13.008928298950195,
